"Code","Country","Continent","Date","NewCases","NewDeaths","Recovered","NewTests","Population","GDP","GDPCapita","Month","Week","CumCases","CumDeaths","CumRecovered","CumTests","Active","FatalityRate","Cases_1M_Pop","Deaths_1M_Pop","Recovered_1M_Pop","Tests_1M_Pop"
"AFG","Afghanistan","Asia",2020-05-05,190,5,0,0,37172386,21992,619,5,18,2894,90,0,0,2804,3.10988251554941,77.8534904915708,2.42115208854229,0,0
"ALB","Albania","Europe",2020-05-05,8,0,0,0,2866376,13039,4450,5,18,803,31,0,0,772,3.86052303860523,280.144684437771,10.8150500841481,0,0
"DZA","Algeria","Africa",2020-05-05,174,2,0,0,42228429,167555,4055,5,18,4648,465,0,0,4183,10.0043029259897,110.068030236218,11.0115391695012,0,0
"AND","Andorra","Europe",2020-05-05,2,0,0,0,77006,3278,39153,5,18,750,45,0,0,705,6,9739.50081811807,584.370049087084,0,0
"AGO","Angola","Africa",2020-05-05,0,0,0,0,30809762,126505,4247,5,18,35,2,0,0,33,5.71428571428571,1.13600358224124,0.0649144904137851,0,0
"AIA","Anguilla","North America",2020-05-05,0,0,0,0,14731,311,29493,5,18,3,0,0,0,3,0,203.652162107121,0,0,0
"ATG","Antigua and Barbuda","North America",2020-05-05,0,0,0,0,96286,1248,14803,5,18,25,3,0,0,22,12,259.643146459506,31.1571775751407,0,0
"ARG","Argentina","South America",2020-05-05,104,14,0,0,44494502,637486,14400,5,18,4874,260,0,58685,4614,5.33442757488716,109.541623816803,5.84341858686271,0,1318.92699911553
"ARM","Armenia","Europe",2020-05-05,121,4,0,0,2951776,11536,3937,5,18,2507,39,0,0,2468,1.5556441962505,849.319189531997,13.2123846795963,0,0
"ABW","Aruba","North America",2020-05-05,0,0,0,0,105845,2664,25655,5,18,100,2,0,0,98,2,944.777741036421,18.8955548207284,0,0
"AUS","Australia","Oceania",2020-05-05,24,0,0,14542,24992369,1408675,57613,5,18,6825,95,0,664756,6730,1.39194139194139,273.083355963574,3.80116026615964,0,26598.3588830655
"AUT","Austria","Europe",2020-05-05,24,2,0,6812,8847037,416835,47718,5,18,15621,600,0,285883,15021,3.84098329172268,1765.6758980436,67.8193162298293,0,32313.9826362205
"AZE","Azerbaijan","Europe",2020-05-05,52,1,0,0,9942334,40748,4146,5,18,1984,26,0,0,1958,1.31048387096774,199.550729235208,2.61508012102591,0,0
"BHS","Bahamas","North America",2020-05-05,0,0,0,0,385640,11791,29825,5,18,83,11,0,0,72,13.2530120481928,215.226636241054,28.5240120319469,0,0
"BHR","Bahrain","Asia",2020-05-05,150,0,0,5915,1569439,35325,23688,5,18,3533,8,0,155501,3525,0.226436456269459,2251.12285345273,5.0973628156303,0,99080.6268991659
"BGD","Bangladesh","Asia",2020-05-05,688,5,0,5705,161356039,254646,1492,5,18,10143,182,0,93403,9961,1.79434092477571,62.8609878059786,1.12794042992094,0,578.86274712036
"BRB","Barbados","North America",2020-05-05,0,0,0,0,286641,4353,16494,5,18,82,7,0,0,75,8.53658536585366,286.07212506236,24.42079116386,0,0
"BLR","Belarus","Europe",2020-05-05,784,4,0,0,9485386,54441,5750,5,18,17489,103,0,211369,17386,0.588941620447138,1843.78368998373,10.8588095413302,0,22283.6477081692
"BEL","Belgium","Europe",2020-05-05,361,80,0,0,11422068,494763,43289,5,18,50267,7924,0,372654,42343,15.7638211948197,4400.86681326009,693.744775464478,0,32625.7907062014
"BLZ","Belize","North America",2020-05-05,0,0,0,0,383071,1902,5077,5,18,18,2,0,0,16,11.1111111111111,46.9886783390024,5.22096425988916,0,0
"BEN","Benin","Africa",2020-05-05,6,0,0,0,11485048,9236,826,5,18,96,2,0,0,94,2.08333333333333,8.35869384263784,0.174139455054955,0,0
"BMU","Bermuda","North America",2020-05-05,0,0,0,0,63968,5601,102192,5,18,115,7,0,0,108,6.08695652173913,1797.77388694347,109.429714857429,0,0
"BTN","Bhutan","Asia",2020-05-05,0,0,0,0,754394,2562,3173,5,18,7,0,0,0,7,0,9.2789709356119,0,0,0
"BOL","Bolivia","South America",2020-05-05,87,6,0,0,11353142,37508,3394,5,18,1681,82,0,7767,1599,4.8780487804878,148.064738378151,7.22267016478786,0,684.127794754967
"BES","Bonaire Sint Eustatius and Saba","North America",2020-05-05,0,0,0,0,25987,428,16470,5,18,6,0,0,0,6,0,230.884673105784,0,0,0
"BIH","Bosnia and Herzegovina","Europe",2020-05-05,69,1,0,0,3323929,18169,5181,5,18,1926,78,0,0,1848,4.04984423676012,579.434759286375,23.4662052047441,0,0
"BWA","Botswana","Africa",2020-05-05,0,0,0,0,2254126,17406,7596,5,18,23,1,0,0,22,4.34782608695652,10.2035112500366,0.443630923914635,0,0
"BRA","Brazil","South America",2020-05-05,6633,296,0,0,209469333,2055512,9821,5,18,107780,7321,0,0,100459,6.79254035999258,514.538326237951,34.9502234773431,0,0
"VGB","British Virgin Islands","North America",2020-05-05,1,0,0,0,29802,902,31917,5,18,7,1,0,0,6,14.2857142857143,234.883564861419,33.5547949802027,0,0
"BRN","Brunei","Asia",2020-05-05,0,0,0,0,428962,12128,28291,5,18,138,1,0,0,137,0.72463768115942,321.70681785333,2.33120882502413,0,0
"BGR","Bulgaria","Europe",2020-05-05,34,5,0,1158,7024216,58222,8218,5,18,1652,78,0,50303,1574,4.72154963680387,235.186389484606,11.1044421185226,0,7161.36861394923
"BFA","Burkina Faso","Africa",2020-05-05,10,1,0,0,19751535,12324,642,5,18,672,46,0,0,626,6.8452380952381,34.0226721619358,2.32893291584679,0,0
"BDI","Burundi","Africa",2020-05-05,0,0,0,0,11175378,2869,290,5,18,19,1,0,0,18,5.26315789473684,1.70016620466887,0.0894824318246774,0,0
"KHM","Cambodia","Asia",2020-05-05,0,0,0,0,16249798,22121,1382,5,18,122,0,0,0,122,0,7.50778563524297,0,0,0
"CMR","Cameroon","Africa",2020-05-05,27,0,0,0,25216237,34924,1452,5,18,2104,64,0,0,2040,3.04182509505703,83.4383020749686,2.53804721140589,0,0
"CAN","Canada","North America",2020-05-05,1298,172,0,21199,37058856,1647120,44974,5,18,60772,3854,0,940567,56918,6.34173632593958,1639.87792823394,103.996734275877,0,25380.3571270522
"CPV","Cape Verde","Africa",2020-05-05,10,0,0,0,543767,1855,3245,5,18,175,2,0,0,173,1.14285714285714,321.829018678956,3.6780459277595,0,0
"CYM","Cayman Islands","North America",2020-05-05,1,0,0,0,64174,3480,65472,5,18,75,1,0,0,74,1.33333333333333,1168.69760339078,15.5826347118771,0,0
"CAF","Central African Republic","Africa",2020-05-05,22,0,0,0,4666377,1992,428,5,18,94,0,0,0,94,0,20.144107516388,0,0,0
"TCD","Chad","Africa",2020-05-05,0,0,0,0,15477751,10716,719,5,18,117,10,0,0,107,8.54700854700855,7.55923777298136,0.646088698545415,0,0
"CHL","Chile","South America",2020-05-05,980,10,0,7964,18729160,277080,15347,5,18,20643,270,0,222095,20373,1.30794942595553,1102.18504193461,14.4160229289514,0,11858.2467126128
"CHN","China","Asia",2020-05-05,2,0,0,0,1392730000,12234781,8682,5,18,83966,4637,0,0,79329,5.52247338208322,60.2887853352768,3.32943212252195,0,0
"COL","Colombia","South America",2020-05-05,305,18,0,0,49648685,309191,6302,5,18,7973,358,0,123029,7615,4.49015427066349,160.588341866456,7.21066429050437,0,2477.99110892867
"COM","Comoros","Africa",2020-05-05,1,1,0,0,832322,648,1330,5,18,4,1,0,0,3,25,4.80583235814985,1.20145808953746,0,0
"COG","Congo","Africa",2020-05-05,7,0,0,0,5244363,11292,2147,5,18,236,10,0,0,226,4.23728813559322,45.0006988455986,1.90680927311858,0,0
"CRI","Costa Rica","North America",2020-05-05,3,0,0,73,4999441,57564,11734,5,18,742,6,0,9892,736,0.808625336927224,148.416592975095,1.20013417500077,0,1978.62120985126
"CIV","Cote d'Ivoire","Africa",2020-05-05,34,0,0,0,25069229,38054,1566,5,18,1432,17,0,0,1415,1.18715083798883,57.121820539435,0.678122171208377,0,0
"HRV","Croatia","Europe",2020-05-05,5,1,0,933,4089400,55201,13177,5,18,2101,80,0,39973,2021,3.80771061399334,513.767300826527,19.5627720447987,0,9774.78358683425
"CUB","Cuba","North America",2020-05-05,19,2,0,0,11338138,96851,8433,5,18,1668,69,0,57711,1599,4.13669064748201,147.114102862392,6.08565533423566,0,5089.98920281267
"CUW","Curacao","North America",2020-05-05,0,0,0,0,159849,3159,19586,5,18,16,1,0,0,15,6.25,100.094464150542,6.25590400940888,0,0
"CYP","Cyprus","Europe",2020-05-05,2,0,0,0,1189265,22054,25790,5,18,874,20,0,0,854,2.2883295194508,734.907695088984,16.8171097274367,0,0
"CZE","Czech Republic","Europe",2020-05-05,38,4,0,0,10625695,215824,20326,5,18,7819,252,0,269093,7567,3.22291853178156,735.857748599033,23.7160957471488,0,25324.7434638393
"COD","Democratic Republic of Congo","Africa",2020-05-05,0,0,0,0,84068091,37642,463,5,18,684,34,0,0,650,4.97076023391813,8.13626183090086,0.404434067617879,0,0
"DNK","Denmark","Europe",2020-05-05,147,9,0,12947,5797446,329865,57533,5,18,9670,493,0,257738,9177,5.09824198552223,1667.97586385453,85.0374457994089,0,44457.1626885356
"DJI","Djibouti","Africa",2020-05-05,4,0,0,0,958920,1844,1928,5,18,1116,2,0,0,1114,0.17921146953405,1163.80928544613,2.08567972302173,0,0
"DMA","Dominica","North America",2020-05-05,0,0,0,0,71625,533,6719,5,18,16,0,0,0,16,0,223.385689354276,0,0,0
"DOM","Dominican Republic","North America",2020-05-05,281,13,0,0,10627165,75931,7052,5,18,8235,346,0,0,7889,4.20157862780814,774.900926070123,32.5580716964496,0,0
"ECU","Ecuador","South America",2020-05-05,2343,5,0,0,17084357,104295,6273,5,18,31881,1569,0,66160,30312,4.92142655500141,1866.09305811158,91.8383993029413,0,3872.54843714633
"EGY","Egypt","Africa",2020-05-05,348,7,0,0,98423595,195135,2000,5,18,6813,436,0,0,6377,6.39953030970204,69.2212065612925,4.42983209463137,0,0
"SLV","El Salvador","North America",2020-05-05,32,1,0,0,6420744,24805,3889,5,18,587,13,0,32030,574,2.21465076660988,91.4224270582973,2.02468748169994,0,4988.51846452685
"GNQ","Equatorial Guinea","Africa",2020-05-05,0,1,0,0,1308974,12487,9850,5,18,315,2,0,0,313,0.634920634920635,240.646491068577,1.52791422900684,0,0
"ERI","Eritrea","Africa",2020-05-05,0,0,0,0,3546421,3858,1147,5,18,39,0,0,0,39,0,10.9970023299546,0,0,0
"EST","Estonia","Europe",2020-05-05,3,0,0,0,1320884,25921,19793,5,18,1703,55,0,57423,1648,3.22959483264827,1289.28808282938,41.6387813010075,0,43473.1588845046
"ETH","Ethiopia","Africa",2020-05-05,5,0,0,0,109224559,75605,720,5,18,140,3,0,24088,137,2.14285714285714,1.28176301448834,0.0274663503104645,0,220.536482092823
"FRO","Faeroe Islands","Europe",2020-05-05,0,0,0,0,48497,2707,55823,5,18,187,0,0,0,187,0,3855.90861290389,0,0,0
"FLK","Falkland Islands","South America",2020-05-05,0,0,0,0,3398,228,96962,5,18,13,0,0,0,13,0,3825.77987051207,0,0,0
"FJI","Fiji","Oceania",2020-05-05,0,0,0,0,883483,4532,5382,5,18,18,0,0,0,18,0,20.3739064588679,0,0,0
"FIN","Finland","Europe",2020-05-05,73,10,0,0,5518050,252246,45670,5,18,5327,240,0,106272,5087,4.50535010324761,965.377261895053,43.4936254655177,0,19258.9773561312
"FRA","France","Europe",2020-05-05,576,306,0,0,66987244,2582492,38415,5,18,131863,25201,0,724574,106662,19.1115020892896,1968.4792525574,376.20595347974,0,10816.5966642843
"PYF","French Polynesia","Oceania",2020-05-05,0,0,0,0,277679,5623,19807,5,18,58,0,0,0,58,0,208.874275692436,0,0,0
"GAB","Gabon","Africa",2020-05-05,32,1,0,0,2119275,14623,7221,5,18,367,6,0,0,361,1.63487738419619,173.172429250569,2.8311568814807,0,0
"GMB","Gambia","Africa",2020-05-05,0,0,0,0,2280102,851,709,5,18,17,1,0,0,16,5.88235294117647,7.45580680162554,0.438576870683855,0,0
"GEO","Georgia","Europe",2020-05-05,4,0,0,0,3731000,15159,3875,5,18,593,9,0,0,584,1.5177065767285,158.938622353257,2.41222192441705,0,0
"DEU","Germany","Europe",2020-05-05,685,139,0,0,82927922,3693204,44976,5,18,163860,6831,0,2547052,157029,4.16880263639692,1975.93278654685,82.3727380989964,0,30714.0458674462
"GHA","Ghana","Africa",2020-05-05,550,0,0,0,29767108,58996,2046,5,18,2719,18,0,129461,2701,0.662008091210004,91.3424307124495,0.604694282024307,0,4349.12924695271
"GIB","Gibraltar","Europe",2020-05-05,0,0,0,0,33718,2134,63309,5,18,144,0,0,0,144,0,4270.71593807462,0,0,0
"GRC","Greece","Europe",2020-05-05,6,2,0,0,10727668,203085,18198,5,18,2632,146,0,80951,2486,5.54711246200608,245.34689179419,13.6096680098601,0,7546.00161004237
"GRL","Greenland","North America",2020-05-05,0,0,0,0,56025,2441,49398,5,18,11,0,0,0,11,0,196.340919232486,0,0,0
"GRD","Grenada","North America",2020-05-05,0,0,0,0,111454,884,10451,5,18,21,0,0,0,21,0,188.418540384374,0,0,0
"GUM","Guam","Oceania",2020-05-05,0,0,0,0,165768,5920,35713,5,18,149,5,0,0,144,3.35570469798658,898.846580763477,30.1626369383717,0,0
"GTM","Guatemala","North America",2020-05-05,27,2,0,0,17247807,75619,4471,5,18,730,19,0,0,711,2.6027397260274,42.3242212763628,1.10158932089164,0,0
"GGY","Guernsey","Europe",2020-05-05,0,0,0,0,63026,4110,65219,5,18,252,13,0,0,239,5.15873015873016,3998.34988734808,206.264081490179,0,0
"GIN","Guinea","Africa",2020-05-05,124,2,0,0,12414318,10208,803,5,18,1710,9,0,0,1701,0.526315789473684,137.744175717103,0.724969345879492,0,0
"GNB","Guinea-Bissau","Africa",2020-05-05,121,0,0,0,1874309,1209,724,5,18,413,2,0,0,411,0.484261501210654,220.347872202502,1.06705991381357,0,0
"GUY","Guyana","South America",2020-05-05,10,0,0,0,779004,3086,4555,5,18,92,9,0,0,83,9.78260869565217,118.099521953674,11.5532141041638,0,0
"HTI","Haiti","North America",2020-05-05,15,3,0,0,11123176,8521,776,5,18,100,11,0,0,89,11,8.99023803992673,0.98892618439194,0,0
"HND","Honduras","North America",2020-05-05,123,0,0,0,9587522,22978,2480,5,18,1178,82,0,0,1096,6.96095076400679,122.868036182864,8.55278350339118,0,0
"HUN","Hungary","Europe",2020-05-05,30,12,0,1599,9768785,139761,14376,5,18,3065,363,0,85557,2702,11.8433931484502,313.754474072262,37.1591758852304,0,8758.20278570979
"ISL","Iceland","Europe",2020-05-05,0,0,0,0,353574,24476,73060,5,18,1799,10,0,51304,1789,0.555864369093941,5088.04380412587,28.2826225910276,0,145101.166941008
"IND","India","Asia",2020-05-05,3900,195,0,84713,1352617328,2575666,1923,5,18,46433,1568,0,1191946,44865,3.37690866409666,34.3282605056203,1.15923400324796,0,881.214498236858
"IDN","Indonesia","Asia",2020-05-05,395,19,0,2863,267663435,1015539,3847,5,18,11587,864,0,88924,10723,7.45663243289894,43.2894392168284,3.2279343646621,0,332.223189170385
"IRN","Iran","Asia",2020-05-05,1223,74,0,11255,81800269,460976,5680,5,18,98647,6277,0,519543,92370,6.3630926434661,1205.94957945676,76.7356889743235,0,6351.36053158945
"IRQ","Iraq","Asia",2020-05-05,50,1,0,0,38433600,182023,4756,5,18,2346,98,0,0,2248,4.1773231031543,61.0403397027601,2.54985221264727,0,0
"IRL","Ireland","Europe",2020-05-05,216,16,0,61707,4853506,331430,69604,5,18,21722,1319,0,214761,20403,6.07218488168677,4475.5275876861,271.762309555196,0,44248.6318137857
"IMN","Isle of Man","Europe",2020-05-05,4,1,0,0,84077,7112,84600,5,18,325,23,0,0,302,7.07692307692308,3865.5042401608,273.55876161138,0,0
"ISR","Israel","Asia",2020-05-05,38,3,0,2613,8883800,353268,42452,5,18,16246,235,0,413517,16011,1.44650991013172,1828.72194331255,26.4526441387694,0,46547.3108354533
"ITA","Italy","Europe",2020-05-05,1221,195,0,55263,60431283,1943835,32747,5,18,211938,29079,0,2246666,182859,13.7205220394644,3507.09085557558,481.191173783287,0,37177.2017483064
"JAM","Jamaica","North America",2020-05-05,2,0,0,0,2934855,14826,5130,5,18,471,9,0,0,462,1.91082802547771,160.484930260609,3.06659102408807,0,0
"JPN","Japan","Asia",2020-05-05,174,11,0,1757,126529100,4872415,38220,5,18,15231,521,0,186343,14710,3.42065524259733,120.375470939096,4.11762985747943,0,1472.72840793146
"JEY","Jersey","Europe",2020-05-05,1,0,0,0,106800,6408,60000,5,18,293,24,0,0,269,8.19112627986348,2743.4456928839,224.719101123595,0,0
"JOR","Jordan","Asia",2020-05-05,4,0,0,0,9956011,40708,4196,5,18,465,9,0,0,456,1.93548387096774,46.7054526155104,0.903976502235685,0,0
"KAZ","Kazakhstan","Asia",2020-05-05,157,2,0,13550,18276499,159406,8756,5,18,4121,29,0,320411,4092,0.703712691094395,225.480821025953,1.58673715354347,0,17531.3116587592
"KEN","Kenya","Africa",2020-05-05,25,0,0,1077,51393010,74938,1508,5,18,490,24,0,25869,466,4.89795918367347,9.53437053015575,0.466989576987221,0,503.3563902951
"RKS","Kosovo","Europe",2020-05-05,4,4,0,0,1845300,7227,4116,5,18,855,26,0,0,829,3.04093567251462,463.339294423671,14.089849888907,0,0
"KWT","Kuwait","Asia",2020-05-05,295,2,0,0,4137309,119534,28897,5,18,5278,40,0,0,5238,0.757862826828344,1275.70843753754,9.6681200268097,0,0
"KGZ","Kyrgyzstan","Asia",2020-05-05,13,1,0,0,6315800,7564,1251,5,18,843,11,0,0,832,1.30486358244365,133.474777542037,1.74166376389373,0,0
"LAO","Laos","Asia",2020-05-05,0,0,0,0,7061507,16853,2457,5,18,19,0,0,0,19,0,2.69064379600558,0,0,0
"LVA","Latvia","Europe",2020-05-05,17,0,0,686,1926542,30463,15625,5,18,896,16,0,66150,880,1.78571428571429,465.081996655147,8.30503565455619,0,34336.1317843058
"LBN","Lebanon","Asia",2020-05-05,3,0,0,0,6848925,53393,8778,5,18,740,25,0,0,715,3.37837837837838,108.046153228426,3.65020787933873,0,0
"LBR","Liberia","Africa",2020-05-05,8,0,0,0,4818977,2122,584,5,18,166,18,0,0,148,10.8433734939759,34.4471451098439,3.73523260227222,0,0
"LBY","Libya","Africa",2020-05-05,0,0,0,0,6678567,25127,3942,5,18,63,3,0,0,60,4.76190476190476,9.43316133535832,0.449198158826587,0,0
"LIE","Liechtenstein","Europe",2020-05-05,0,0,0,0,37910,6295,166022,5,18,83,1,0,0,82,1.20481927710843,2189.3959377473,26.3782643102084,0,0
"LTU","Lithuania","Europe",2020-05-05,9,0,0,5077,2789533,47544,16450,5,18,1419,46,0,149106,1373,3.24171952078929,508.687296404093,16.4902153873068,0,53451.9577291253
"LUX","Luxembourg","Europe",2020-05-05,4,0,0,960,607728,62316,106806,5,18,3828,96,0,49299,3732,2.50783699059561,6298.87054735013,157.965405576179,0,81120.1721822921
"MKD","Macedonia","Europe",2020-05-05,7,1,0,0,2082958,11279,5415,5,18,1518,85,0,0,1433,5.59947299077734,728.771295436586,40.8073518525097,0,0
"MDG","Madagascar","Africa",2020-05-05,0,0,0,0,26262368,10674,517,5,18,149,0,0,0,149,0,5.67351733095812,0,0,0
"MWI","Malawi","Africa",2020-05-05,2,0,0,0,18143315,6339,340,5,18,41,3,0,0,38,7.31707317073171,2.25978549124016,0.165350157895622,0,0
"MYS","Malaysia","Asia",2020-05-05,55,0,0,7622,31528585,314707,9951,5,18,6353,105,0,213220,6248,1.65276247442153,201.499686712867,3.33031120806722,0,6762.7519598485
"MDV","Maldives","Asia",2020-05-05,24,0,0,0,515696,3032,11151,5,18,551,1,0,0,550,0.181488203266788,1068.45893704818,1.93912692749217,0,0
"MLI","Mali","Africa",2020-05-05,17,2,0,0,19077690,15235,822,5,18,580,29,0,0,551,5,30.4020035968715,1.52010017984358,0,0
"MLT","Malta","Europe",2020-05-05,3,0,0,0,483530,12553,29137,5,18,480,4,0,0,476,0.833333333333333,992.699522263355,8.27249601886129,0,0
"MRT","Mauritania","Africa",2020-05-05,0,0,0,0,4403319,5092,1129,5,18,8,1,0,0,7,12.5,1.81681136433677,0.227101420542096,0,0
"MUS","Mauritius","Africa",2020-05-05,0,0,0,0,1265303,13366,10565,5,18,334,10,0,0,324,2.9940119760479,263.968393341358,7.90324530962149,0,0
"MEX","Mexico","North America",2020-05-05,1434,117,0,0,126190788,1158229,8967,5,18,24905,2271,0,86898,22634,9.11865087331861,197.359889693374,17.9965593051055,0,688.623958826535
"MDA","Moldova","Europe",2020-05-05,127,7,0,0,3545883,8128,2006,5,18,4248,132,0,0,4116,3.10734463276836,1198.0090713653,37.2262705791477,0,0
"MCO","Monaco","Europe",2020-05-05,0,0,0,0,38682,6400,165421,5,18,95,4,0,0,91,4.21052631578947,2455.92265136239,103.407269531048,0,0
"MNG","Mongolia","Asia",2020-05-05,1,0,0,0,3170208,11135,3620,5,18,41,0,0,0,41,0,12.9329053487973,0,0,0
"MNE","Montenegro","Europe",2020-05-05,1,0,0,0,622345,4588,6958,5,18,323,8,0,0,315,2.47678018575851,519.004732101969,12.8546063678506,0,0
"MSR","Montserrat","North America",2020-05-05,0,0,0,0,5900,63,11582,5,18,11,1,0,0,10,9.09090909090909,1864.40677966102,169.491525423729,0,0
"MAR","Morocco","Africa",2020-05-05,140,5,0,0,36029138,109708,3070,5,18,5043,179,0,37006,4864,3.54947451913544,139.970043135642,4.96820101552249,0,1027.11311050517
"MOZ","Mozambique","Africa",2020-05-05,0,0,0,0,29495962,12651,426,5,18,80,0,0,0,80,0,2.71223566127458,0,0,0
"MMR","Myanmar","Asia",2020-05-05,6,0,0,0,53708395,67101,1257,5,18,161,6,0,9038,155,3.72670807453416,2.99766917257535,0.111714379102187,0,168.279093054261
"NAM","Namibia","Africa",2020-05-05,0,0,0,0,2448255,13244,5227,5,18,16,0,0,0,16,0,6.53526695544378,0,0,0
"NPL","Nepal","Asia",2020-05-05,7,0,0,0,28087871,24870,849,5,18,82,0,0,13640,82,0,2.91940959142115,0,0,485.618863743713
"NLD","Netherlands","Europe",2020-05-05,199,26,0,0,17231017,830572,48754,5,18,40770,5082,0,235909,35688,12.4650478292862,2366.08204843626,294.933259017735,0,13690.9504528955
"NCL","New Caledonia","Oceania",2020-05-05,0,0,0,0,284060,9894,35815,5,18,18,0,0,0,18,0,63.3668943181018,0,0,0
"NZL","New Zealand","Oceania",2020-05-05,2,0,0,0,4885500,202044,42936,5,18,1489,20,0,155928,1469,1.34318334452653,304.779449391055,4.09374680176031,0,31916.4875652441
"NIC","Nicaragua","North America",2020-05-05,1,0,0,0,6465513,13814,2222,5,18,15,5,0,0,10,33.3333333333333,2.320001521921,0.773333840640333,0,0
"NER","Niger","Africa",2020-05-05,5,1,0,0,22442948,8119,378,5,18,755,37,0,0,718,4.90066225165563,33.6408568072251,1.64862477068521,0,0
"NGA","Nigeria","Africa",2020-05-05,244,6,0,976,195874740,375769,1969,5,18,2802,93,0,19512,2709,3.31905781584582,14.3050604687465,0.474793227549402,0,99.6146823219778
"MNP","Northern Mariana Islands","Oceania",2020-05-05,0,0,0,0,56882,1393,24500,5,18,14,2,0,0,12,14.2857142857143,246.12355402412,35.1605077177314,0,0
"NOR","Norway","Europe",2020-05-05,38,0,0,7372,5314336,399470,75295,5,18,7847,208,0,189657,7639,2.65069453294253,1476.57204964082,39.1394145947866,0,35687.8074702089
"OMN","Oman","Asia",2020-05-05,69,0,0,0,4829483,70783,15267,5,18,2637,12,0,0,2625,0.455062571103527,546.021178664466,2.4847380144003,0,0
"PAK","Pakistan","Asia",2020-05-05,1315,24,0,9893,212215030,302139,1534,5,18,21501,486,0,222404,21015,2.26035998325659,101.317046205445,2.29012996864548,0,1048.01248054862
"PSE","Palestine","Asia",2020-05-05,2,0,0,0,4569087,14498,2946,5,18,524,4,0,0,520,0.763358778625954,114.683743163569,0.875448421095943,0,0
"PAN","Panama","North America",2020-05-05,190,3,0,0,4176873,61838,15088,5,18,7387,203,0,35556,7184,2.7480709354271,1768.54790653199,48.6009509985101,0,8512.58824484249
"PNG","Papua New Guinea","Oceania",2020-05-05,0,0,0,0,8606316,22005,2667,5,18,8,0,0,0,8,0,0.929549879414142,0,0,0
"PRY","Paraguay","South America",2020-05-05,19,0,0,458,6956071,29435,4322,5,18,415,10,0,11898,405,2.40963855421687,59.6601156026153,1.43759314705097,0,1710.44832636125
"PER","Peru","South America",2020-05-05,1444,58,0,21087,31989256,211402,6572,5,18,47372,1344,0,406579,46028,2.83711897323313,1480.8722028421,42.0141062361688,0,12709.8610858596
"PHL","Philippines","Asia",2020-05-05,262,16,0,0,106651922,313595,2989,5,18,9485,623,0,119512,8862,6.56826568265683,88.9341684812769,5.84143246851191,0,1120.57989916019
"POL","Poland","Europe",2020-05-05,313,20,0,10466,37978548,526211,13786,5,18,14006,698,0,394270,13308,4.98357846637156,368.787137412415,18.3787963668332,0,10381.3868818787
"PRT","Portugal","Europe",2020-05-05,0,0,0,0,10281762,195041,18882,5,18,25524,1063,0,458553,24461,4.16470772606175,2482.45388290451,103.386948657244,0,44598.6787089606
"PRI","Puerto Rico","North America",2020-05-05,35,0,0,0,3195153,104218,28451,5,18,1843,97,0,0,1746,5.26315789473684,576.81118869738,30.3584836156516,0,0
"QAT","Qatar","Asia",2020-05-05,640,0,0,2967,2781677,167605,63506,5,18,16191,12,0,109762,16179,0.0741152492125255,5820.58952207607,4.31394442992483,0,39458.9307097841
"ROU","Romania","Europe",2020-05-05,349,23,0,0,19473936,211803,10763,5,18,13512,803,0,199068,12709,5.9428656009473,693.850488160175,41.234601982876,0,10222.2786395108
"RUS","Russia","Europe",2020-05-05,10581,76,0,157114,144478050,1530750,10956,5,18,145268,1356,0,4460357,143912,0.9334471459647,1005.46761255429,9.38550873298747,0,30872.2120765057
"RWA","Rwanda","Africa",2020-05-05,2,0,0,0,12301939,9136,748,5,18,261,0,0,28754,261,0,21.2161676301598,0,0,2337.35511125523
"KNA","Saint Kitts and Nevis","North America",2020-05-05,0,0,0,0,52441,852,16818,5,18,15,0,0,0,15,0,286.035735397876,0,0,0
"LCA","Saint Lucia","North America",2020-05-05,0,0,0,0,181889,1718,9607,5,18,18,0,0,0,18,0,98.961454513467,0,0,0
"VCT","Saint Vincent and the Grenadines","North America",2020-05-05,0,0,0,0,110210,729,6980,5,18,17,0,0,0,17,0,154.25097541058,0,0,0
"SMR","San Marino","Europe",2020-05-05,0,0,0,0,33785,1689,50588,5,18,582,41,0,0,541,7.0446735395189,17226.5798431256,1213.55631197277,0,0
"STP","Sao Tome and Principe","Africa",2020-05-05,156,2,0,0,211028,337,1921,5,18,174,3,0,0,171,1.72413793103448,824.535132778589,14.2161229789412,0,0
"SAU","Saudi Arabia","Asia",2020-05-05,1645,7,0,0,33699947,683827,20761,5,18,28656,191,0,0,28465,0.666527079843663,850.327746806249,5.6676646998881,0,0
"SEN","Senegal","Africa",2020-05-05,89,1,0,702,15854360,21126,1333,5,18,1271,10,0,16279,1261,0.786782061369001,80.167222139525,0.630741322891621,0,1026.78379953527
"SRB","Serbia","Europe",2020-05-05,93,4,0,4817,6982084,41589,5912,5,18,9557,197,0,111278,9360,2.06131631265041,1368.78903204258,28.2150716032634,0,15937.6484155733
"SYC","Seychelles","Africa",2020-05-05,0,0,0,0,96762,1486,15693,5,18,11,0,0,0,11,0,113.680990471466,0,0,0
"SLE","Sierra Leone","Africa",2020-05-05,21,1,0,0,7650154,4893,495,5,18,178,9,0,0,169,5.0561797752809,23.2675054645959,1.17644690551327,0,0
"SGP","Singapore","Asia",2020-05-05,573,0,0,0,5638676,323901,56737,5,18,18778,18,0,99929,18760,0.0958568537650442,3330.21439784801,3.19223874540761,0,17722.0680883243
"SXM","Sint Maarten","North America",2020-05-05,0,0,0,0,41486,1059,25527,5,18,76,13,0,0,63,17.1052631578947,1831.94330617558,313.35872342477,0,0
"SVK","Slovakia","Europe",2020-05-05,5,1,0,2060,5447011,95617,17552,5,18,1413,25,0,99864,1388,1.76928520877565,259.408325042854,4.58967312531588,0,18333.7246794618
"SVN","Slovenia","Europe",2020-05-05,0,1,0,0,2067372,48455,23296,5,18,1439,97,0,57474,1342,6.74079221681723,696.052766507431,46.9194707096739,0,27800.5119543072
"SOM","Somalia","Africa",2020-05-05,34,3,0,0,15008154,1535,315,5,18,756,35,0,0,721,4.62962962962963,50.3726174451568,2.33206562246096,0,0
"ZAF","South Africa","Africa",2020-05-05,437,7,0,0,57779622,348872,6151,5,18,7220,138,0,257541,7082,1.91135734072022,124.957549912666,2.38838530303988,0,4457.29811108837
"KOR","South Korea","Asia",2020-05-05,3,2,0,6316,51635256,1577524,30025,5,18,10804,254,0,640237,10550,2.35098111810441,209.23688264468,4.9191196030867,0,12399.2219579583
"SSD","South Sudan","Africa",2020-05-05,0,0,0,0,10975920,5693,453,5,18,46,0,0,0,46,0,4.19099264571899,0,0,0
"ESP","Spain","Europe",2020-05-05,545,164,0,0,46723749,1314314,28354,5,18,218011,25428,0,1351130,192583,11.6636316516139,4665.95692053735,544.220028234464,0,28917.4141398628
"LKA","Sri Lanka","Asia",2020-05-05,37,1,0,0,21670000,87356,4184,5,18,755,8,0,0,747,1.05960264900662,34.8407937240425,0.369173973234887,0,0
"SDN","Sudan","Africa",2020-05-05,0,0,0,0,41801533,120265,2967,5,18,678,41,0,0,637,6.04719764011799,16.2195008494066,0.980825272604237,0,0
"SUR","Suriname","South America",2020-05-05,0,0,0,0,575991,5210,6757,5,18,10,1,0,0,9,10,17.3613823827108,1.73613823827108,0,0
"SWZ","Swaziland","Africa",2020-05-05,4,0,0,0,1367000,4482,3224,5,18,116,1,0,0,115,0.862068965517241,84.8573518653987,0.731528895391368,0,0
"SWE","Sweden","Europe",2020-05-05,404,90,0,0,10183175,535607,54043,5,18,22721,2769,0,148500,19952,12.1869636019541,2231.22945446779,271.919121492069,0,14582.8781298564
"CHE","Switzerland","Europe",2020-05-05,76,4,0,0,8516543,678938,80101,5,18,29898,1476,0,286403,28422,4.9367850692354,3510.57935126964,173.309757257141,0,33629.0206014342
"SYR","Syria","Asia",2020-05-05,0,0,0,0,16906283,49028,2900,5,18,44,3,0,0,41,6.81818181818182,2.60258272028216,0.17744882183742,0,0
"TWN","Taiwan","Asia",2020-05-05,2,0,0,0,23780452,579865,24380,5,18,438,6,0,64958,432,1.36986301369863,18.4184892700946,0.252308072193077,0,2731.57129225298
"TJK","Tajikistan","Asia",2020-05-05,154,1,0,0,9100837,7145,801,5,18,230,3,0,0,227,1.30434782608696,25.2724007692919,0.329640010034242,0,0
"TZA","Tanzania","Africa",2020-05-05,0,2,0,0,56318348,52090,934,5,18,480,18,0,0,462,3.75,8.52297727198958,0.319611647699609,0,0
"THA","Thailand","Asia",2020-05-05,18,0,0,3859,69428524,455302,6595,5,18,2987,54,0,82627,2933,1.80783394710412,43.0226631348234,0.777778309099586,0,1190.10163603651
"TLS","Timor","Asia",2020-05-05,0,0,0,0,1267972,4970,2279,5,18,24,0,0,0,24,0,18.9278627603764,0,0,0
"TGO","Togo","Africa",2020-05-05,2,0,0,0,7889094,4576,614,5,18,126,9,0,0,117,7.14285714285714,15.9714157291065,1.1408154092219,0,0
"TTO","Trinidad and Tobago","North America",2020-05-05,0,0,0,0,1389858,22104,16145,5,18,116,8,0,0,108,6.89655172413793,83.4617637197469,5.75598370481013,0,0
"TUN","Tunisia","Africa",2020-05-05,5,1,0,0,11565204,40068,3475,5,18,1018,43,0,24853,975,4.22396856581532,88.0226583119502,3.71804941789181,0,2148.94609727593
"TUR","Turkey","Asia",2020-05-05,1614,64,0,33283,82319724,851541,10546,5,18,127659,3461,0,1204421,124198,2.71112886674657,1550.77050549878,42.0433868315691,0,14631.0135830873
"TCA","Turks and Caicos Islands","North America",2020-05-05,0,0,0,0,31458,797,28689,5,18,12,1,0,0,11,8.33333333333333,381.460995613199,31.7884163010999,0,0
"UGA","Uganda","Africa",2020-05-05,8,0,0,0,42723139,27698,646,5,18,97,0,0,41462,97,0,2.27043242304832,0,0,970.481124994116
"UKR","Ukraine","Europe",2020-05-05,418,15,0,5167,44622516,112154,2536,5,18,12331,303,0,139759,12028,2.45722163652583,276.340312141969,6.79029394039547,0,3132.02868256017
"ARE","United Arab Emirates","Asia",2020-05-05,567,11,0,0,9630959,382575,40699,5,18,14730,137,0,0,14593,0.930074677528853,1529.4427065882,14.2249593212888,0,0
"GBR","United Kingdom","Europe",2020-05-05,3985,288,0,69839,66488991,2631228,39758,5,18,190584,28734,0,1015138,161850,15.0768165218486,2866.39934120823,432.161769457443,0,15267.760643262
"VIR","United States Virgin Islands","North America",2020-05-05,0,0,0,0,106977,3888,36350,5,18,66,4,0,0,62,6.06060606060606,616.955046411846,37.3912149340512,0,0
"USA","United States of America","North America",2020-05-05,22593,1252,0,0,327167434,19485394,60055,5,18,1180634,68934,0,7285178,1111700,5.83872732785944,3608.65378795617,210.699454885232,0,22267.4301990583
"URY","Uruguay","South America",2020-05-05,2,0,0,866,3449299,59180,17120,5,18,657,17,0,22805,640,2.58751902587519,190.473484612381,4.9285376535928,0,6611.48830530493
"UZB","Uzbekistan","Asia",2020-05-05,40,0,0,0,32955400,49677,1557,5,18,2189,10,0,0,2179,0.456829602558246,66.4231051663764,0.303440407338403,0,0
"VEN","Venezuela","South America",2020-05-05,4,0,0,0,28870195,255092,7977,5,18,361,10,0,0,351,2.77008310249307,12.5042452951911,0.346377986016374,0,0
"VNM","Vietnam","Asia",2020-05-05,0,0,0,0,95540395,223779,2342,5,18,271,0,0,261004,271,0,2.83649654159374,0,0,2731.87063963887
"ESH","Western Sahara","Africa",2020-05-05,0,0,0,0,567402,909,2500,5,18,6,0,0,0,6,0,10.574513308025,0,0,0
"YEM","Yemen","Asia",2020-05-05,2,0,0,0,28498687,27956,990,5,18,12,2,0,0,10,16.6666666666667,0.421072030441262,0.0701786717402103,0,0
"ZMB","Zambia","Africa",2020-05-05,13,0,0,0,17351822,25868,1513,5,18,137,3,0,0,134,2.18978102189781,7.89542446896931,0.172892506619766,0,0
"ZWE","Zimbabwe","Africa",2020-05-05,0,0,0,0,14439018,18036,1091,5,18,34,4,0,13329,30,11.7647058823529,2.3547307718572,0.277027149630259,0,923.12371935543
